City_ID,City,Lat,Lng,Max Temp,Humidity,Cloudiness,Wind Speed,Country,Date
0,kruisfontein,-34.0033,24.7314,289.47,46,0,3.47,ZA,1696302180
1,kailua-kona,19.6406,-155.9956,301.21,78,86,1.34,US,1696302091
2,adamstown,-25.066,-130.1015,293.51,74,38,10.01,PN,1696302121
3,port-aux-francais,-49.35,70.2167,275.56,81,69,15.02,TF,1696302118
4,longyearbyen,78.2186,15.6401,270.06,68,75,8.23,SJ,1696302132
5,launceston,-41.45,147.1667,290.01,88,75,9.26,AU,1696302156
6,saipan,15.1355,145.701,302.11,79,34,7.39,MP,1696302147
7,bethel,41.3712,-73.414,289.62,87,0,0.0,US,1696301834
8,kamiiso,41.8167,140.65,293.36,45,40,10.29,JP,1696302180
9,iqaluit,63.7506,-68.5145,277.0,80,100,4.12,CA,1696302127
10,blackmans bay,-43.0167,147.3167,292.22,54,68,3.71,AU,1696302130
11,kroya,-7.6331,109.2461,301.19,64,100,3.62,ID,1696302180
12,grytviken,-54.2811,-36.5092,274.17,64,98,4.82,GS,1696302117
13,purpe,64.4803,76.6897,281.9,86,98,9.64,RU,1696302181
14,georgetown,5.4112,100.3354,304.79,83,20,2.24,MY,1696302044
15,fortuna,40.5982,-124.1573,287.96,84,0,3.6,US,1696302169
16,port elizabeth,-33.918,25.5701,292.21,46,0,2.06,ZA,1696302148
17,waitangi,-43.9535,-176.5597,281.38,92,100,7.6,NZ,1696302127
18,talnakh,69.4865,88.3972,274.38,96,100,7.09,RU,1696302133
19,new norfolk,-42.7826,147.0587,292.87,55,68,3.77,AU,1696302147
20,utrik,11.2278,169.8474,301.96,78,25,6.53,MH,1696302126
21,constantia,44.1833,28.65,284.65,56,1,3.92,RO,1696302131
22,bredasdorp,-34.5322,20.0403,285.6,95,0,2.01,ZA,1696302125
23,hithadhoo,-0.6,73.0833,300.93,75,79,5.55,MV,1696302129
24,stanley,54.868,-1.6985,281.91,93,20,2.06,GB,1696302130
25,tindouf,27.6711,-8.1474,298.4,20,8,2.57,DZ,1696302142
26,vilyuchinsk,52.9306,158.4028,282.3,83,100,3.07,RU,1696302161
27,taroa,8.7058,171.2275,302.12,76,79,6.58,MH,1696302181
28,bafra,41.5678,35.9069,289.15,78,27,3.72,TR,1696302181
29,ushuaia,-54.8,-68.3,278.96,70,40,4.12,AR,1696302135
30,antsiranana,-12.2787,49.2917,295.15,86,33,3.38,MG,1696302181
31,hasaki,35.7333,140.8333,298.37,52,74,4.51,JP,1696302141
32,mbuji-mayi,-6.15,23.6,296.06,75,18,1.16,CD,1696302181
33,port lincoln,-34.7333,135.8667,288.96,51,71,9.11,AU,1696302136
34,olonkinbyen,70.9221,-8.7187,276.04,86,76,7.6,SJ,1696302119
35,ambon,-3.6954,128.1814,300.23,83,40,2.06,ID,1696302182
36,humaita,-7.5061,-63.0208,300.13,39,88,0.72,BR,1696302164
37,kalabo,-14.97,22.6814,295.02,45,15,3.08,ZM,1696302182
38,nar'yan-mar,67.6713,53.087,277.1,78,54,9.39,RU,1696302127
39,keflavik,64.0049,-22.5624,279.39,81,75,5.66,IS,1696302118
40,tiksi,71.6872,128.8694,270.94,81,89,7.77,RU,1696302129
41,port alfred,-33.5906,26.891,293.2,48,0,3.36,ZA,1696302124
42,puerto natales,-51.7236,-72.4875,276.05,96,100,1.9,CL,1696302126
43,port mathurin,-19.6833,63.4167,296.74,80,16,6.71,MU,1696302118
44,nova sintra,14.8667,-24.7167,296.3,82,15,5.33,CV,1696302128
45,vize,41.5725,27.7658,288.17,65,36,4.47,TR,1696302182
46,formosa do rio preto,-11.0483,-45.1931,299.93,36,8,1.87,BR,1696302183
47,pingliang,35.5392,106.6861,287.73,79,98,2.0,CN,1696302183
48,margaret river,-33.95,115.0667,288.23,59,90,4.48,AU,1696302142
49,thunder bay,48.4001,-89.3168,292.14,94,100,6.17,CA,1696301996
50,edinburgh of the seven seas,-37.0676,-12.3116,283.09,58,80,9.28,SH,1696302124
51,luderitz,-26.6481,15.1594,290.71,64,0,2.53,NA,1696302184
52,guiping,23.3925,110.0814,304.34,67,21,1.32,CN,1696302184
53,natal,-5.795,-35.2094,298.27,88,40,2.57,BR,1696302184
54,iskateley,67.6803,53.1512,277.05,78,55,9.39,RU,1696302123
55,baidoa,3.1138,43.6498,295.38,91,46,5.24,SO,1696302185
56,la passe,45.5549,-0.8967,293.14,85,23,6.66,FR,1696302159
57,chibougamau,49.9168,-74.3659,289.94,94,100,3.6,CA,1696302117
58,cabo san lucas,22.8909,-109.9124,303.49,72,20,6.17,MX,1696301551
59,capao da canoa,-29.7456,-50.0097,286.19,80,0,2.58,BR,1696302186
60,santa luzia,-19.7697,-43.8514,296.65,81,0,0.0,BR,1696302087
61,vyalikaya byerastavitsa,53.196,24.0166,287.9,73,100,4.5,BY,1696302186
62,vadso,70.0744,29.7487,273.64,100,75,3.09,NO,1696302158
63,ribeira grande,38.5167,-28.7,291.36,81,5,4.02,PT,1696302123
64,tura,25.5198,90.2201,299.25,87,22,2.3,IN,1696302149
65,maceio,-9.6658,-35.7353,294.84,94,20,1.54,BR,1696302095
66,illizi,26.4833,8.4667,299.04,37,0,5.85,DZ,1696302186
67,tofol,5.3248,163.0078,302.18,68,15,1.53,FM,1696302171
68,harnai,30.1005,67.9374,298.77,9,0,2.14,PK,1696302186
69,kapa'a,22.0752,-159.319,301.14,80,24,1.79,US,1696302126
70,tamanrasset,22.785,5.5228,293.1,40,0,2.06,DZ,1696302146
71,okha,53.5739,142.9478,282.41,78,100,8.6,RU,1696302151
72,tolanaro,-25.0319,46.9987,292.19,63,75,4.12,MG,1696302159
73,dudinka,69.4058,86.1778,274.61,96,100,10.28,RU,1696302139
74,nova vicosa,-17.8919,-39.3719,297.47,93,97,5.1,BR,1696302187
75,nemuro,43.3236,145.575,289.35,68,7,9.83,JP,1696302142
76,fort bragg,35.139,-79.006,293.04,85,0,0.0,US,1696302139
77,krishnarajpet,12.655,76.4883,295.66,73,100,3.32,IN,1696302187
78,yellowknife,62.456,-114.3525,282.82,98,75,1.54,CA,1696302006
79,invercargill,-46.4,168.35,289.83,49,6,2.68,NZ,1696302127
80,east london,-33.0153,27.9116,293.28,47,0,3.1,ZA,1696302134
81,whitehorse,60.7161,-135.0538,283.58,66,75,5.66,CA,1696302068
82,tionk essil,12.7856,-16.5217,298.18,86,100,1.98,SN,1696302187
83,topeka,39.0483,-95.678,298.09,61,0,4.12,US,1696302188
84,albany,42.6001,-73.9662,287.89,88,12,0.89,US,1696301969
85,college,64.8569,-147.8028,277.14,66,75,3.6,US,1696302001
86,cabedelo,-6.9811,-34.8339,296.52,75,16,4.76,BR,1696301926
87,angaur state,6.906,134.13,302.05,71,70,2.9,PW,1696302188
88,qaqortoq,60.7167,-46.0333,276.1,87,100,1.56,GL,1696302142
89,tazovsky,67.4667,78.7,280.91,94,100,8.61,RU,1696302124
90,allahganj,27.55,79.6833,299.39,38,67,3.02,IN,1696302188
91,tangzhai,34.4328,116.5911,295.6,57,5,1.82,CN,1696302188
92,langarud,37.197,50.1535,290.18,73,97,1.31,IR,1696302188
93,vila franca do campo,37.7167,-25.4333,293.38,99,20,4.89,PT,1696302188
94,kiama,-34.6833,150.8667,306.62,44,32,4.47,AU,1696302188
95,manaure,11.7751,-72.4445,301.55,83,93,3.13,CO,1696302189
96,bilibino,68.0546,166.4372,268.13,93,96,0.64,RU,1696302136
97,concordia,-31.393,-58.0209,285.25,81,40,3.13,AR,1696302009
98,bakchar,57.0186,82.0711,280.76,74,5,3.79,RU,1696302189
99,enewetak,11.3474,162.3373,301.58,78,100,4.83,MH,1696302143
100,sitka,57.0531,-135.33,285.09,87,100,4.12,US,1696302138
101,sidi salim,31.271,30.7867,293.78,66,16,2.9,EG,1696302189
102,afaahiti,-17.75,-149.2833,299.08,86,66,5.81,PF,1696302146
103,flying fish cove,-10.4217,105.6791,298.97,69,100,6.69,CX,1696302123
104,urangan,-25.3,152.9,296.45,63,58,5.18,AU,1696302159
105,lazaro cardenas,17.9583,-102.2,300.15,88,99,1.62,MX,1696302164
106,weno,7.4515,151.8468,301.88,71,90,4.01,FM,1696302151
107,codrington,-38.2667,141.9667,288.33,62,97,6.84,AU,1696302147
108,mount isa,-20.7333,139.5,307.02,17,1,6.69,AU,1696302072
109,taro,-8.3862,115.28,298.15,52,61,2.4,ID,1696302189
110,puerto ayora,-0.7393,-90.3518,296.23,98,84,2.68,EC,1696302119
111,edd,13.9297,41.6925,304.09,55,0,3.43,ER,1696302190
112,kita,13.0349,-9.4895,296.63,84,100,1.65,ML,1696302190
113,haiku-pauwela,20.9219,-156.3051,301.16,64,20,3.09,US,1696302190
114,kapuskasing,49.4169,-82.4331,294.2,68,40,5.66,CA,1696302010
115,anzio,41.4853,12.6179,296.1,62,6,1.63,IT,1696302190
116,udachny,66.4167,112.4,269.51,73,53,4.32,RU,1696302144
117,happy valley-goose bay,53.3168,-60.3315,278.32,70,75,3.09,CA,1696302120
118,vila velha,-20.3297,-40.2925,296.45,92,75,1.79,BR,1696302177
119,isla mujeres,21.2311,-86.731,299.91,81,0,3.71,MX,1696301945
120,wailua homesteads,22.0669,-159.378,300.39,79,45,1.79,US,1696302139
121,saint-philippe,-21.3585,55.7679,294.92,80,8,0.42,RE,1696302120
122,mirnyy,62.5353,113.9611,269.95,79,98,4.02,RU,1696302122
123,talcahuano,-36.7167,-73.1167,284.97,87,75,3.09,CL,1696302082
124,naraini,25.1833,80.4833,300.28,78,100,1.86,IN,1696302190
125,khorinsk,52.1657,109.7726,276.49,55,98,3.13,RU,1696302190
126,aykhal,66.0,111.5,265.41,91,82,3.13,RU,1696302118
127,ytrebygda,60.305,5.2824,284.44,96,75,4.63,NO,1696302190
128,abomsa,9.9833,39.9833,294.69,44,27,2.75,ET,1696302191
129,laguna,38.421,-121.4238,295.31,42,0,2.57,US,1696302171
130,mahina,-17.5065,-149.489,300.02,78,75,3.6,PF,1696302191
131,bhamo,24.2667,97.2333,297.75,99,100,0.41,MM,1696302191
132,tanaina,61.6269,-149.4281,280.31,92,100,2.06,US,1696302191
133,changyon,38.2508,125.0961,295.03,45,95,2.4,KP,1696302191
134,baruun-urt,46.6806,113.2792,282.35,27,17,4.48,MN,1696302192
135,naze,28.3667,129.4833,298.66,92,100,5.19,JP,1696302146
136,tateyama,34.9833,139.8667,297.53,52,40,2.35,JP,1696302114
137,san julian,21.0167,-102.1667,292.55,52,100,2.4,MX,1696302149
138,teofilo otoni,-17.8575,-41.5053,295.44,78,100,1.07,BR,1696302166
139,petropavlovsk-kamchatsky,53.0452,158.6483,281.48,85,75,6.71,RU,1696302124
140,tsiombe,-25.3,45.4833,290.79,52,18,4.99,MG,1696302118
141,mokhotlong,-29.2894,29.0675,282.14,49,0,0.73,LS,1696302192
142,uige,-7.6087,15.0613,294.32,94,100,0.67,AO,1696302192
143,newman,37.3138,-121.0208,295.14,52,33,0.89,US,1696302162
144,papatowai,-46.5619,169.4708,286.91,42,5,4.31,NZ,1696302130
145,west island,-12.1568,96.8225,300.14,65,40,5.14,CC,1696302119
146,torghay,49.6339,63.4981,284.84,59,93,2.14,KZ,1696302175
147,hermanus,-34.4187,19.2345,287.49,92,3,1.75,ZA,1696302121
148,kavaratti,10.5669,72.642,300.88,74,100,3.04,IN,1696302169
149,isafjordur,66.0755,-23.124,274.21,93,100,6.98,IS,1696302148
150,pocone,-16.2567,-56.6228,301.84,49,35,1.93,BR,1696302192
151,praia,14.9215,-23.5087,298.45,88,20,2.57,CV,1696302192
152,mata-utu,-13.2816,-176.1745,300.04,83,4,12.07,WF,1696302193
153,pisco,-13.7,-76.2167,291.49,88,0,7.72,PE,1696302138
154,badger,64.8,-147.5333,277.03,71,99,0.89,US,1696302133
155,ilulissat,69.2167,-51.1,270.16,36,0,9.77,GL,1696302127
156,aldan,58.6031,125.3894,272.15,96,100,2.68,RU,1696302155
157,pizarro,4.9533,-77.366,298.64,90,100,2.49,CO,1696302193
158,isla vista,34.4133,-119.861,290.94,77,0,0.0,US,1696302193
159,imbert,19.7537,-70.8291,300.32,88,100,1.54,DO,1696302193
160,dwarka,22.2394,68.9678,300.36,71,2,2.91,IN,1696302193
161,amahai,-3.3333,128.9167,301.25,77,95,1.13,ID,1696302193
162,vrbno pod pradedem,50.1209,17.3832,288.02,76,56,3.43,CZ,1696302193
163,trongsa,27.5026,90.5072,292.91,86,85,1.98,BT,1696302194
164,hamilton,39.1834,-84.5333,295.04,81,0,0.0,US,1696302103
165,ola,59.5833,151.2833,283.38,55,83,4.11,RU,1696302124
166,cumaral,4.2708,-73.4867,297.03,78,99,3.39,CO,1696302194
167,vernon,50.2581,-119.2691,286.27,88,99,0.51,CA,1696302088
168,two rivers,44.1539,-87.5693,294.84,87,0,3.09,US,1696302190
169,st. john's,47.5649,-52.7093,281.98,96,20,2.06,CA,1696302070
170,linamon,8.186,124.1628,304.26,64,89,1.82,PH,1696302194
171,phalaborwa,-23.943,31.1411,286.75,74,0,1.14,ZA,1696302194
172,chonchi,-42.6128,-73.8092,279.71,97,68,0.63,CL,1696302145
173,piacabucu,-10.4056,-36.4344,296.53,81,4,5.08,BR,1696302164
174,eldama ravine,0.0516,35.7308,284.91,84,79,1.9,KE,1696302194
175,satwas,22.5333,76.6833,297.9,65,99,0.47,IN,1696302194
176,homestead meadows north,31.8496,-106.1729,300.86,31,40,5.14,US,1696302194
177,klyuchi,52.2667,79.1667,280.1,44,16,4.22,RU,1696302142
178,ibaan,13.8176,121.133,303.59,73,100,4.85,PH,1696302195
179,sungai raya,0.7,108.9,303.42,59,100,2.98,ID,1696302195
180,daru,-9.0763,143.2092,300.21,75,64,4.92,PG,1696302149
181,uturoa,-16.7333,-151.4333,299.12,83,3,7.19,PF,1696302150
182,penapolis,-21.4197,-50.0775,297.0,82,3,2.87,BR,1696302171
183,isabela,6.7085,121.9711,304.18,67,13,1.36,PH,1696302195
184,piterka,50.6803,47.4454,289.88,58,99,1.79,RU,1696302195
185,touros,-5.1989,-35.4608,297.99,83,17,5.66,BR,1696302160
186,bardai,11.65,7.2333,294.12,85,100,2.67,NG,1696302157
187,kavieng,-2.5744,150.7967,301.78,73,72,1.94,PG,1696302195
188,shorapur,16.5167,76.75,298.5,72,87,5.35,IN,1696302195
189,susuman,62.7833,148.1667,274.81,61,6,1.79,RU,1696302137
190,acarau,-2.8856,-40.12,299.04,86,11,6.16,BR,1696302195
191,shar,49.5886,81.0453,286.21,56,16,2.19,KZ,1696302196
192,thompson,55.7435,-97.8558,279.24,93,100,1.03,CA,1696302086
193,mejit,10.2753,170.8646,301.78,77,21,5.7,MH,1696302196
194,kill devil hills,36.0307,-75.676,294.81,87,0,4.63,US,1696301907
195,noumea,-22.2763,166.4572,298.15,99,91,11.2,NC,1696302018
196,san fernando de apure,7.8878,-67.4724,299.5,83,100,1.79,VE,1696302196
197,cayambe,0.05,-78.1333,282.74,92,98,0.6,EC,1696302196
198,argostolion,38.1811,20.489,293.56,50,4,2.31,GR,1696302156
199,bloemhof,-27.6469,25.607,286.9,60,0,4.01,ZA,1696302196
200,glace bay,46.1969,-59.957,282.47,95,0,2.06,CA,1696302157
201,jamestown,42.097,-79.2353,289.95,93,0,0.45,US,1696301963
202,chongjin,41.7956,129.7758,293.0,48,52,2.64,KP,1696302196
203,deyang,31.1302,104.382,293.31,77,100,1.36,CN,1696302196
204,kouango,4.9934,19.9619,295.53,98,100,1.2,CF,1696302197
205,la'ie,21.6477,-157.9253,302.04,73,25,1.34,US,1696302197
206,dedovichi,57.5517,29.9502,284.82,76,97,4.7,RU,1696302197
207,fort-shevchenko,44.5086,50.263,293.19,45,100,7.58,KZ,1696302197
208,gemena,3.25,19.7667,293.66,99,100,0.89,CD,1696302197
209,wongsorejo,-7.9908,114.4009,304.4,53,90,3.83,ID,1696302197
210,jefferson city,38.5767,-92.1735,296.91,56,2,3.1,US,1696302067
211,salmas,38.1973,44.7653,285.61,62,88,1.91,IR,1696302197
212,paraiso,9.8383,-83.8656,293.63,95,100,0.35,CR,1696302170
213,alofi,-19.0595,-169.9187,297.09,69,100,9.77,NU,1696302145
214,samana,19.2056,-69.3369,299.59,87,100,2.6,DO,1696302197
215,kabompo,-13.5927,24.2008,293.86,50,7,4.55,ZM,1696302197
216,punta arenas,-53.15,-70.9167,279.21,75,75,7.2,CL,1696302118
217,carbonear,47.7332,-53.2148,282.23,95,7,0.97,CA,1696302198
218,hilo,19.7297,-155.09,299.31,89,99,0.45,US,1696302020
219,pampas,-12.4,-74.9,285.13,89,99,1.44,PE,1696302198
220,nyurba,63.2842,118.3319,272.06,75,56,2.24,RU,1696302142
221,bornu yassu,12.2774,12.5552,298.81,52,97,2.66,NG,1696302198
222,houlton,46.1262,-67.8403,287.44,77,40,2.06,US,1696302198
223,horta,38.5333,-28.6333,290.94,81,4,4.02,PT,1696302198
224,olinala,17.8333,-98.85,292.42,98,100,0.87,MX,1696302198
225,luwuk,-0.9516,122.7875,304.22,57,54,2.15,ID,1696302198
226,saldanha,-33.0117,17.9442,288.18,89,0,6.64,ZA,1696302141
227,margate,51.3813,1.3862,291.43,81,100,1.79,GB,1696301838
228,fruita,39.1589,-108.729,285.79,71,0,2.57,US,1696302026
229,zheleznogorsk,52.331,35.3711,278.59,89,0,2.59,RU,1696302198
230,santa cruz,-17.8,-63.1667,300.85,69,77,4.63,BO,1696302140
231,malango,-2.9627,119.9001,303.33,48,54,2.17,ID,1696302174
232,wieruszow,51.2949,18.1555,288.33,69,90,3.76,PL,1696301938
233,kalmunai,7.4167,81.8167,300.58,77,61,6.76,LK,1696302155
234,queenstown,-31.8976,26.8753,289.88,42,0,2.49,ZA,1696302143
235,nizhnesortymskiy,62.4397,71.7603,281.54,89,51,6.9,RU,1696302198
236,seosan,36.7817,126.4522,292.89,56,100,2.49,KR,1696302199
237,floro,61.5996,5.0328,284.13,82,100,8.23,NO,1696302197
238,palmer,42.1584,-72.3287,287.38,82,0,0.0,US,1696302153
239,ust-nera,64.5667,143.2,274.94,68,29,1.34,RU,1696302127
240,avarua,-21.2078,-159.775,295.18,64,75,7.2,CK,1696302124
241,kone,-21.0595,164.8658,297.56,59,96,4.27,NC,1696302149
242,oral,51.2333,51.3667,283.14,76,0,3.0,KZ,1696302199
243,atafu village,-8.5421,-172.5159,302.08,73,10,5.31,TK,1696302131
244,prieska,-29.6641,22.7474,294.22,30,0,3.3,ZA,1696302199
245,bokakhat,26.6333,93.6,301.49,87,41,1.48,IN,1696302199
246,hongwon,40.0253,127.9558,293.36,45,100,2.91,KP,1696302199
247,taco pozo,-25.6167,-63.2833,297.79,44,0,2.29,AR,1696302199
248,colonia,50.9333,6.95,295.61,73,0,4.63,DE,1696302018
249,lihue,21.9789,-159.3672,300.73,72,43,2.76,US,1696302067
250,dubbo,-32.25,148.6167,303.22,21,62,11.32,AU,1696302172
251,manokwari,-0.8667,134.0833,301.35,71,91,2.12,ID,1696302170
252,faaa,-17.55,-149.6,300.13,78,75,3.6,PF,1696302199
253,beau vallon,-20.4189,57.6953,296.05,94,20,2.57,MU,1696302199
254,lebu,-37.6167,-73.65,282.65,83,93,4.06,CL,1696302137
255,san mariano,7.5,126.0,304.41,59,53,2.03,PH,1696302199
256,riyadh,24.6877,46.7219,300.23,18,0,2.96,SA,1696301914
257,bamboo flat,11.7,92.7167,300.2,89,75,3.09,IN,1696302168
258,gadzhiyevo,69.2551,33.3362,274.64,75,100,2.92,RU,1696302135
259,nabire,-3.3667,135.4833,302.8,67,96,1.49,ID,1696302200
260,hamina,60.5697,27.1979,285.75,88,100,8.54,FI,1696302200
261,ilabaya,-17.4208,-70.5133,291.1,59,5,0.33,PE,1696302200
262,port saint john's,-31.6229,29.5448,292.2,56,0,4.23,ZA,1696302119
263,lerwick,60.1545,-1.1494,285.15,83,7,9.41,GB,1696302156
264,fountain hills,33.6117,-111.7174,299.0,33,0,3.09,US,1696302200
265,zhangjiajie,29.1294,110.4783,291.03,96,100,1.17,CN,1696302200
266,kasongo-lunda,-6.4667,16.8167,294.29,96,100,0.37,CD,1696302200
267,patterson,37.4716,-121.1297,296.01,52,37,2.43,US,1696302185
268,arkhangel'sk,64.5401,40.5433,276.55,84,100,3.5,RU,1696301929
269,porto novo,6.4965,2.6036,300.05,92,48,2.46,BJ,1696302070
270,khandyga,62.6667,135.6,280.78,77,100,0.48,RU,1696302170
271,lompoc,34.6391,-120.4579,289.7,86,0,7.6,US,1696302157
272,itoman,26.1247,127.6694,306.36,79,75,6.69,JP,1696302200
273,port-vila,-17.7338,168.3219,297.1,76,100,11.12,VU,1696302018
274,bilokurakyne,49.5341,38.7307,282.4,80,5,3.27,UA,1696302200
275,pacocha,-17.5833,-71.3333,290.31,86,67,1.5,PE,1696302200
276,muisne,0.6,-80.0333,297.6,80,97,5.49,EC,1696302200
277,sao gabriel da cachoeira,-0.1303,-67.0892,298.17,80,100,0.96,BR,1696302201
278,toulepleu guere,6.574,-8.4259,295.31,99,95,1.01,CI,1696302201
279,kirakira,-10.4544,161.9205,302.53,75,40,5.7,SB,1696302201
280,crookston,47.7741,-96.6081,293.2,88,0,1.54,US,1696302169
281,port macquarie,-31.4333,152.9167,300.31,47,0,8.18,AU,1696302201
282,ancud,-41.8697,-73.8203,279.19,75,88,0.5,CL,1696302135
283,wschowa,51.807,16.3166,287.54,62,59,2.94,PL,1696302201
284,buka,40.8108,69.1986,290.31,30,0,0.35,UZ,1696302201
285,mombetsu,44.3525,143.3525,290.16,72,75,8.23,JP,1696302201
286,peniche,39.3558,-9.3811,293.46,94,26,4.26,PT,1696302201
287,menzelinsk,55.7271,53.1026,286.6,68,100,2.24,RU,1696302201
288,oroqen zizhiqi,50.5667,123.7167,287.48,48,100,2.56,CN,1696302201
289,axim,4.8699,-2.2405,298.39,87,98,3.81,GH,1696302201
290,tommot,58.9564,126.2925,274.81,92,100,3.13,RU,1696302201
291,porto murtinho,-21.6989,-57.8825,305.22,35,100,1.89,BR,1696302129
292,al hasakah,36.5024,40.7477,294.94,51,99,0.84,SY,1696302201
293,katsuren-haebaru,26.3369,127.8719,306.36,74,75,6.69,JP,1696302201
294,feres,40.8956,26.17,287.84,67,20,2.57,GR,1696302202
295,akureyri,65.6835,-18.0878,277.11,81,100,4.63,IS,1696302126
296,viqueque,-8.8673,126.3658,304.28,53,0,3.79,TL,1696302202
297,grantsville,40.5999,-112.4644,282.95,77,100,1.5,US,1696302202
298,dalandzadgad,43.5708,104.425,284.02,44,6,4.22,MN,1696302139
299,kodiak,57.79,-152.4072,279.29,56,2,9.06,US,1696302140
300,ta`u,-14.2336,-169.5144,299.94,81,39,9.57,AS,1696302202
301,kitami,43.8031,143.8908,289.85,74,76,6.82,JP,1696302151
302,peace river,56.2501,-117.286,283.32,71,75,1.54,CA,1696302020
303,vilyuysk,63.7553,121.6247,272.59,77,32,2.24,RU,1696302202
304,kapenguria,1.2511,35.0895,286.96,77,66,2.11,KE,1696302202
305,guozhen,34.3659,107.359,290.35,80,100,0.02,CN,1696302202
306,villa gesell,-37.2639,-56.973,283.74,92,100,2.62,AR,1696302202
307,vorgashor,67.5833,63.95,273.79,81,70,7.74,RU,1696302123
308,sabanitas,9.3422,-79.8011,300.2,92,100,1.62,PA,1696302202
309,djambala,-2.5447,14.7533,293.74,95,38,1.81,CG,1696302144
310,belmonte,-15.8631,-38.8828,297.83,87,96,4.68,BR,1696302202
311,tidjikja,18.5564,-11.4271,303.99,16,73,2.64,MR,1696302202
312,san patricio,28.017,-97.5169,302.5,82,2,5.68,US,1696302157
313,carnarvon,-24.8667,113.6333,294.21,36,0,9.45,AU,1696301898
314,isla del bosque,22.7333,-105.85,301.31,80,25,1.82,MX,1696302203
315,arno,60.1167,18.6333,284.7,95,93,3.9,SE,1696302203
316,shakawe,-18.3667,21.85,295.25,41,8,3.17,BW,1696302136
317,havre,49.5833,0.3333,292.02,82,100,7.72,FR,1696302152
318,marte,12.3611,13.8246,299.62,63,95,4.9,NG,1696302203
319,hawaiian paradise park,19.5933,-154.9731,299.19,86,85,3.26,US,1696302148
320,amravati,20.9333,77.75,299.09,63,16,3.8,IN,1696302174
321,karratha,-20.7377,116.8463,305.16,22,54,6.24,AU,1696301898
322,okhotsk,59.3833,143.3,282.66,52,5,3.92,RU,1696302145
323,valparaiso,-33.0393,-71.6273,285.95,62,75,3.09,CL,1696302010
324,cockburn town,21.4612,-71.1419,301.84,76,47,6.26,TC,1696301883
325,arraial do cabo,-22.9661,-42.0278,293.73,88,100,1.29,BR,1696302142
326,maua,-23.6678,-46.4614,291.13,95,100,1.81,BR,1696302102
327,baker city,44.7749,-117.8344,283.99,89,100,0.0,US,1696302203
328,alexander city,32.944,-85.9539,295.09,83,0,0.0,US,1696302203
329,gaspe,48.8334,-64.4819,285.1,93,100,1.03,CA,1696302035
330,flagstaff,35.1981,-111.6513,285.96,75,100,3.09,US,1696302011
331,mosfellsbaer,64.1667,-21.7,279.16,75,75,1.03,IS,1696302203
332,eschwege,51.1833,10.0667,291.21,69,92,2.94,DE,1696302204
333,constitucion,-35.3333,-72.4167,284.34,86,22,6.41,CL,1696302023
334,saint-francois,46.4154,3.9054,284.84,94,0,1.03,FR,1696302204
335,al jawf,29.5,38.75,296.11,43,100,2.54,SA,1696302159
336,nelson bay,-32.7167,152.15,307.18,58,0,6.26,AU,1696302141
337,ludres,48.6218,6.1618,292.4,66,0,6.69,FR,1696302204
338,riosucio,5.4216,-75.7032,287.04,98,100,0.78,CO,1696302204
339,hadibu,12.65,54.0333,299.77,82,17,1.9,YE,1696302153
340,qeshm,26.9581,56.2719,300.09,62,0,0.68,IR,1696302160
341,nyagan,62.1406,65.3936,283.38,79,42,2.87,RU,1696302204
342,tezu,27.9167,96.1667,302.61,74,53,1.17,IN,1696302204
343,holualoa,19.6228,-155.9522,299.14,78,88,1.34,US,1696302128
344,kingston,17.997,-76.7936,300.68,93,20,2.06,JM,1696301994
345,pahasu,28.1833,78.05,299.36,31,1,2.81,IN,1696302204
346,labytnangi,66.6572,66.4183,275.4,71,13,6.81,RU,1696302138
347,cannonvale,-20.2833,148.7,297.81,69,18,5.25,AU,1696302204
348,akjoujt,19.6969,-14.4164,305.45,13,1,3.18,MR,1696302204
349,kuanda,56.3161,116.0806,275.25,55,96,1.82,RU,1696302167
350,sao tome,0.3365,6.7273,298.92,87,100,4.83,ST,1696302205
351,mwinilunga,-11.7358,24.4293,293.79,42,50,4.38,ZM,1696302205
352,el calafate,-50.3408,-72.2768,278.07,78,6,3.08,AR,1696302205
353,zhanjiang,21.2815,110.3427,303.46,71,83,3.54,CN,1696302205
354,inarajan village,13.2736,144.7484,305.69,87,98,6.57,GU,1696302205
355,sparti,37.0733,22.4297,292.57,65,1,1.93,GR,1696302205
356,walvis bay,-22.9575,14.5053,285.98,100,6,1.03,NA,1696302166
357,bodaybo,57.8506,114.1933,275.94,66,98,2.73,RU,1696302168
358,trinidad,-14.8333,-64.9,304.18,48,29,2.67,BO,1696302024
359,mogadishu,2.0371,45.3438,298.36,93,23,3.99,SO,1696302019
360,salym,60.0625,71.4789,283.28,87,95,3.89,RU,1696302205
361,tortoli,39.9256,9.6572,294.46,43,1,1.37,IT,1696302206
362,kayangel,8.0823,134.7173,302.02,71,44,3.31,PW,1696302153
363,korla,41.7597,86.1469,293.26,27,100,2.51,CN,1696302206
364,rio grande,-32.035,-52.0986,284.79,87,25,4.4,BR,1696302109
365,turinskaya sloboda,57.6232,64.3858,283.74,86,96,3.58,RU,1696302206
366,ginir,7.1333,40.7,288.27,80,80,2.51,ET,1696302146
367,sao joao da barra,-21.6403,-41.0511,294.48,95,100,2.34,BR,1696302187
368,bikenibeu village,1.3673,173.1241,305.13,62,20,3.09,KI,1696302174
369,tralee,52.2704,-9.7026,284.29,88,73,5.14,IE,1696302154
370,zouerate,22.7187,-12.4521,303.32,15,1,2.52,MR,1696302146
371,sanctuary point,-35.1114,150.629,306.47,33,80,4.25,AU,1696302205
372,gur'yevsk,54.2833,85.9333,280.24,53,4,0.97,RU,1696302206
373,yerofey pavlovich,53.9667,121.9667,280.46,76,98,0.87,RU,1696302127
374,gaoual,11.75,-13.2,297.48,95,79,1.06,GN,1696302206
375,farmville,37.3021,-78.3919,292.01,97,100,0.0,US,1696302001
376,tanabe,33.7333,135.3667,298.71,47,75,2.06,JP,1696302206
377,lorengau,-2.0226,147.2712,302.66,73,52,3.82,PG,1696302206
378,kahama,-3.8333,32.6,293.62,41,23,4.22,TZ,1696302206
379,anadyr,64.75,177.4833,277.43,55,0,5.0,RU,1696302122
380,la ronge,55.1001,-105.2842,280.29,93,100,2.57,CA,1696302144
381,indramayu,-6.3264,108.32,302.51,55,100,3.88,ID,1696302207
382,priozersk,61.0393,30.1291,285.99,92,100,4.91,RU,1696302207
383,howrah,22.5892,88.3103,302.15,89,75,4.12,IN,1696302152
384,sciacca,37.5082,13.0881,293.72,54,0,1.99,IT,1696302207
385,vallenar,-28.5708,-70.7581,282.92,77,0,1.12,CL,1696302207
386,crane,31.3974,-102.3501,298.06,66,76,8.25,US,1696302138
387,nogales,31.3086,-110.9422,292.91,34,0,2.57,MX,1696302207
388,olinda,-8.0089,-34.8553,299.0,73,40,2.57,BR,1696302207
389,namibe,-15.1961,12.1522,291.12,91,48,2.0,AO,1696302122
390,lagunas,-5.2269,-75.6753,299.07,73,24,0.76,PE,1696302207
391,elko,41.0002,-115.5012,280.5,75,99,1.34,US,1696302071
392,hassi messaoud,31.6804,6.0729,295.07,56,0,3.09,DZ,1696302207
393,bel ombre,-4.6167,55.4167,300.06,74,20,7.72,SC,1696302151
394,grand falls-windsor,48.9332,-55.6649,281.76,82,61,2.07,CA,1696302207
395,priargunsk,50.3691,119.1012,283.63,64,100,1.98,RU,1696302207
396,empalme,27.9667,-110.8167,302.23,50,70,3.29,MX,1696302207
397,boende,-0.2167,20.8667,295.3,98,100,1.27,CD,1696302208
398,port blair,11.6667,92.75,300.17,89,75,3.09,IN,1696302208
399,wattegama,6.7989,81.4808,301.18,66,98,5.43,LK,1696302208
400,ponta delgada,37.7333,-25.6667,293.55,68,20,5.14,PT,1696302027
401,ternate,0.8,127.4,301.69,75,86,3.96,ID,1696302153
402,mezhdurechenskiy,59.6,65.9333,282.76,95,86,3.13,RU,1696302208
403,belyy yar,53.6039,91.3903,275.09,87,8,0.0,RU,1696302132
404,hammerfest,70.6634,23.6821,273.4,86,75,1.03,NO,1696302171
405,zemio,5.0314,25.1361,293.6,98,100,0.5,CF,1696302208
406,george town,5.4112,100.3354,304.79,83,20,2.24,MY,1696302139
407,myeik,12.4333,98.6,300.16,86,100,3.83,MM,1696302208
408,kishangarh,26.5667,74.8667,300.87,29,0,1.2,IN,1696302208
409,sinop,41.7711,34.8709,284.93,85,53,3.33,TR,1696302208
410,clinton,42.587,-82.9199,292.62,85,0,0.45,US,1696302017
411,kuta,-8.7233,115.1723,302.12,79,40,3.6,ID,1696302208
412,bafq,31.6128,55.4107,296.87,18,0,1.75,IR,1696302208
413,praia da vitoria,38.7333,-27.0667,291.9,82,40,5.52,PT,1696302209
414,tatarsk,55.219,75.9828,278.13,62,0,3.13,RU,1696302209
415,valparai,10.3667,76.9667,292.41,77,29,2.11,IN,1696302209
416,idri,27.5,13.2667,295.77,44,0,6.72,LY,1696302209
417,clarinda,40.7419,-95.0383,296.33,77,0,2.06,US,1696302209
418,savanna-la-mar,18.219,-78.1332,303.12,88,69,1.58,JM,1696302209
419,mugia,43.1041,-9.2179,291.02,80,100,4.68,ES,1696302173
420,egersund,58.4513,5.9997,284.87,82,100,1.47,NO,1696302209
421,katsuura,35.1333,140.3,296.83,59,64,4.67,JP,1696302209
422,dunedin,-45.8742,170.5036,285.26,58,3,2.24,NZ,1696302164
423,bubaque,11.2833,-15.8333,301.3,79,91,2.86,GW,1696302149
424,bugene,-1.5911,31.1403,289.21,82,36,1.28,TZ,1696302209
425,beledweyne,4.7358,45.2036,298.59,74,81,6.95,SO,1696302209
426,antofagasta,-23.65,-70.4,288.75,83,59,2.81,CL,1696301934
427,brandon,27.9378,-82.2859,299.19,80,100,3.6,US,1696302210
428,hancheng,32.5186,112.3522,293.54,74,95,2.34,CN,1696302210
429,guane,22.2025,-84.0875,298.67,90,48,2.46,CU,1696302210
430,susanville,40.4163,-120.653,287.06,59,75,1.79,US,1696302210
431,mokokchung,26.3333,94.5333,297.51,69,11,0.65,IN,1696302210
432,sagua la grande,22.8067,-80.0756,299.7,85,6,2.55,CU,1696302210
433,hafar al-batin,28.4328,45.9708,300.47,22,0,3.09,SA,1696302210
434,long beach,33.767,-118.1892,292.53,82,0,5.66,US,1696302000
435,mhamid,29.82,-5.72,297.63,26,100,1.96,MA,1696302210
436,saudarkrokur,65.7461,-19.6394,276.23,97,100,2.92,IS,1696302210
437,vom,9.7333,8.7833,290.67,95,100,1.68,NG,1696302210
438,christchurch,-43.5333,172.6333,287.82,53,20,1.79,NZ,1696301911
439,whakatane,-37.9585,176.9854,290.31,53,89,3.13,NZ,1696302210
440,show low,34.2542,-110.0298,285.31,49,0,3.6,US,1696302210
441,bengkulu,-3.8004,102.2655,300.08,69,100,4.16,ID,1696302210
442,al kharj,24.155,47.3346,301.47,20,0,3.21,SA,1696302211
443,bousso,10.4795,16.7117,296.54,87,100,1.76,TD,1696302211
444,slyudyanka,51.6594,103.7061,280.75,65,90,2.55,RU,1696302211
445,prince rupert,54.3161,-130.3201,285.2,89,75,2.06,CA,1696302098
446,manado,1.487,124.8455,307.58,46,20,2.06,ID,1696302137
447,mizdah,31.4451,12.9801,290.52,85,0,3.18,LY,1696302211
448,talakan,50.3167,130.3667,286.76,55,31,0.84,RU,1696302211
449,broome,42.2506,-75.833,291.23,93,0,0.27,US,1696302173
450,vorkuta,67.5,64.0,273.98,82,70,7.69,RU,1696302211
451,samus',56.7475,84.6992,280.0,71,6,3.34,RU,1696302211
452,undurkhaan,47.3194,110.6556,280.93,27,59,2.69,MN,1696302211
453,coahuayana de hidalgo,18.7,-103.6583,300.34,92,100,0.45,MX,1696302140
454,freetown,8.484,-13.2299,297.99,100,75,2.06,SL,1696302167
455,solnechnyy,50.7214,136.6319,280.39,69,86,2.0,RU,1696302211
456,abalak,58.1286,68.5944,285.57,67,100,3.43,RU,1696302211
457,aasiaat,68.7098,-52.8699,264.21,79,13,4.28,GL,1696302136
458,ilomantsi,62.6716,30.9328,281.87,96,100,4.29,FI,1696302211
459,palikir - national government center,6.9248,158.1611,303.62,74,75,3.09,FM,1696302125
460,stranraer,54.9023,-5.0273,285.47,85,99,8.56,GB,1696302212
461,sretensk,52.2453,117.7093,283.68,49,38,3.54,RU,1696302156
462,antalaha,-14.9003,50.2788,294.26,87,8,1.84,MG,1696302212
463,taltal,-25.4,-70.4833,288.09,83,20,0.32,CL,1696302159
464,sechura,-5.5569,-80.8222,292.98,81,69,6.24,PE,1696302149
465,al kharijah,25.4514,30.5464,296.68,44,60,4.68,EG,1696302212
466,bismarck,46.8083,-100.7837,291.29,86,100,3.6,US,1696302114
467,glendora,34.1361,-117.8653,292.4,74,0,3.09,US,1696302212
468,ewo,-0.8725,14.8206,296.82,89,99,1.83,CG,1696302212
469,san martin jilotepeque,14.7878,-90.7925,290.14,95,79,1.35,GT,1696302212
470,alice springs,-23.7,133.8833,307.9,14,40,8.23,AU,1696302131
471,kitimat,54.0524,-128.6534,285.36,76,69,2.24,CA,1696302212
472,krasnyy kut,50.95,46.9667,289.88,44,100,1.79,RU,1696302213
473,trincomalee,8.5711,81.2335,302.24,66,61,6.72,LK,1696302213
474,fort st. john,56.2499,-120.8529,284.09,50,75,4.63,CA,1696301952
475,miches,18.9836,-69.0476,300.33,85,100,2.94,DO,1696302213
476,wenchang,30.904,118.4887,292.41,95,100,0.98,CN,1696302213
477,neryungri,56.6709,124.6491,274.4,92,100,2.95,RU,1696302153
478,williamsburg,37.2707,-76.7075,291.9,85,0,1.97,US,1696302145
479,krusevac,43.58,21.3339,281.35,79,13,1.16,RS,1696302213
480,juliaca,-15.5,-70.1333,284.48,65,75,2.89,PE,1696302213
481,potosi,-19.5836,-65.7531,284.93,54,22,1.16,BO,1696302213
482,labrador city,52.9463,-66.9114,278.1,93,100,2.06,CA,1696302025
483,quesnel,52.9999,-122.5029,286.43,62,75,4.63,CA,1696302213
484,mayuge,0.4597,33.4803,291.55,90,77,1.51,UG,1696302214
485,timimoun,29.2639,0.231,296.36,40,0,3.6,DZ,1696302214
486,kuching,1.55,110.3333,306.0,67,20,2.68,MY,1696302143
487,besisahar,28.2313,84.3761,295.7,91,100,1.49,NP,1696302214
488,paracuru,-3.41,-39.0306,300.43,83,23,4.91,BR,1696302214
489,yulinshi,38.2906,109.7494,288.88,58,44,2.24,CN,1696302214
490,igrim,63.1906,64.4162,280.38,75,99,3.13,RU,1696302214
491,dogubayazit,39.5469,44.0842,283.56,73,63,1.51,TR,1696302214
492,revda,56.801,59.9303,284.05,78,100,3.06,RU,1696302139
493,pionerskiy,54.9508,20.2275,291.01,85,100,5.48,RU,1696302214
494,lercara friddi,37.7469,13.6049,290.35,82,0,0.9,IT,1696302214
495,borogontsy,62.6683,131.1683,280.53,87,100,2.24,RU,1696302214
496,turkmenabat,39.0733,63.5786,288.14,44,0,4.12,TM,1696302214
497,polyarnyy,69.1989,33.4478,275.02,75,100,3.01,RU,1696302165
498,marka,1.7159,44.7717,298.78,91,32,4.78,SO,1696302214
499,ende,-8.8432,121.6623,304.02,59,22,2.63,ID,1696302123
500,artvin,41.1667,41.8333,286.78,97,100,1.51,TR,1696302214
501,turpan,42.9333,89.1667,298.64,23,100,2.47,CN,1696302157
502,umm kaddadah,13.6017,26.6876,301.1,54,72,5.62,SD,1696302214
503,zolotonosha,49.6689,32.0377,281.48,75,7,2.37,UA,1696302147
504,uruzgan,32.8333,66.0,289.22,14,0,2.32,AF,1696302215
505,oranjemund,-28.55,16.4333,288.65,77,0,1.26,NA,1696302151
506,novodvinsk,64.4165,40.8122,276.36,84,100,3.22,RU,1696302215
507,filadelfia,39.9523,-75.1638,292.98,82,20,0.0,US,1696302018
508,pokaran,26.9167,71.9167,302.86,33,0,5.93,IN,1696302215
509,geraldton,-28.7667,114.6,293.38,40,51,6.69,AU,1696301917
510,recani,31.2846,-4.2688,297.47,29,82,1.69,MA,1696302215
511,dhidhdhoo,6.8833,73.1,300.72,79,89,7.26,MV,1696302215
512,conceicao do araguaia,-8.2578,-49.2647,304.07,36,70,1.71,BR,1696302215
513,saskatoon,52.1168,-106.6345,283.14,93,100,1.54,CA,1696301426
514,elmina,5.0898,-1.348,297.81,91,35,3.83,GH,1696302215
515,birjand,32.8663,59.2211,287.41,19,0,4.12,IR,1696302215
516,kenai,60.5544,-151.2583,281.56,78,0,1.54,US,1696302216
517,colby,39.3958,-101.0524,297.21,55,0,11.32,US,1696302216
518,ar rutbah,33.0381,40.2848,295.21,52,100,4.99,IQ,1696302216
519,sodankyla,67.4167,26.6,277.67,96,100,1.3,FI,1696302199
520,oltinko'l,40.8011,72.1634,293.05,26,0,2.0,UZ,1696302135
521,coquimbo,-29.9533,-71.3436,287.0,82,100,2.06,CL,1696302023
522,the pas,53.8251,-101.2541,280.16,93,100,3.6,CA,1696302216
523,san jose del cabo,23.0589,-109.6977,303.48,79,59,0.91,MX,1696302017
524,pimentel,-6.8367,-79.9342,294.31,78,75,6.69,PE,1696302216
525,kerikeri,-35.2268,173.9474,291.43,63,0,0.45,NZ,1696302216
526,burao,9.5221,45.5336,296.1,61,6,3.75,SO,1696302216
527,goundam,16.4145,-3.6708,306.77,27,69,0.98,ML,1696302216
528,santa elena de uairen,4.6167,-61.1333,295.87,45,80,1.72,VE,1696302216
529,villa vicente guerrero,19.1194,-98.1708,288.51,90,100,2.17,MX,1696302216
530,ormara,25.2088,64.6357,301.45,67,3,1.66,PK,1696302216
531,trondheim,63.4305,10.3951,283.2,95,94,0.45,NO,1696301962
532,plainview,40.7765,-73.4673,292.85,79,5,2.18,US,1696301988
533,alajarvi,63.0,23.8167,281.34,98,100,2.33,FI,1696302217
534,saint-joseph,-21.3667,55.6167,294.52,80,6,0.56,RE,1696302217
535,agat village,13.3886,144.6585,305.67,73,20,5.66,GU,1696302217
536,iquique,-20.2208,-70.1431,291.17,81,99,3.3,CL,1696302023
537,howard springs,-12.497,131.047,305.1,37,89,2.51,AU,1696302217
538,rabo de peixe,37.8,-25.5833,292.88,99,20,5.14,PT,1696302143
539,chacabuco,-34.6417,-60.4739,282.58,78,100,3.59,AR,1696302217
540,necochea,-38.5473,-58.7368,282.17,93,100,3.87,AR,1696302137
541,remire-montjoly,4.9167,-52.2667,299.17,89,0,1.03,GF,1696302125
542,lhasa,29.65,91.1,289.43,50,77,2.66,CN,1696302217
543,novohrad-volynskyi,50.5941,27.6165,282.31,84,73,3.11,UA,1696302217
544,winslow,35.0242,-110.6974,288.25,31,0,4.12,US,1696302095
545,danshui,22.7984,114.4672,304.69,64,60,0.88,CN,1696302217
546,suva,-18.1416,178.4415,297.86,61,75,6.17,FJ,1696302160
547,lamar,33.6668,-95.5836,296.28,62,0,3.6,US,1696302218
548,lata,40.1629,-8.3327,289.3,95,2,1.28,PT,1696302218
549,vrangel',42.7297,133.0839,291.23,46,43,1.94,RU,1696302218
550,fale old settlement,-9.3852,-171.2468,301.89,74,100,6.09,TK,1696302141
551,mianke mor,31.2,73.95,299.59,29,0,0.46,PK,1696302218
552,mumford,5.2618,-0.759,297.76,91,24,4.37,GH,1696302218
553,pathein,16.7833,94.7333,299.47,90,99,1.43,MM,1696302218
554,turbat,26.0023,63.044,305.92,18,2,1.06,PK,1696302016
